t,drag,downforce
0,3138.33,-3.71938
1,1772.3,-0.64676
2,-209.487,1.98655
3,-343.554,0.391453
4,199.645,-1.56843
5,231.348,-0.273171
6,216.218,3.19349
7,690.826,4.29795
8,861.015,0.984275
9,224.452,-0.824585
10,-251.019,2.74164
11,85.271,6.33743
12,509.611,4.56172
13,248.464,0.179502
14,-101.816,-1.41148
15,218.958,0.847782
16,655.349,2.43553
17,380.322,0.557488
18,-42.4078,-1.44615
19,137.995,-0.75903
20,387.778,0.48209
21,77.358,-0.5028
22,-149.492,-2.55121
23,348.369,-2.12302
24,798.911,-0.627637
25,370.249,-0.894319
26,-181.386,-0.981727
27,-40.968,1.01103
28,270.637,2.10847
29,144.772,0.00934984
30,75.4599,-1.9202
31,461.965,-0.0741246
32,643.632,2.7594
33,121.456,2.47925
34,-326.652,0.638312
35,-28.0726,0.179317
36,415.983,0.795019
37,315.115,0.444553
38,86.3193,-0.831205
39,255.944,-1.33228
40,408.3,-0.625921
41,90.0251,0.219355
42,-186.892,0.325357
43,72.0258,-0.439608
44,383.88,-1.57093
45,237.111,-2.19719
46,51.9339,-2.04259
47,251.134,-1.63815
48,392.394,-1.4651
49,69.1399,-1.67749
50,-199.534,-1.42189
51,66.2568,-0.836818
52,396.558,-1.37396
53,273.562,-2.6788
54,66.0068,-2.6574
55,197.039,-0.873545
56,297.319,0.580908
57,12.7161,0.154238
58,-186.289,-0.951343
59,113.322,-1.25425
60,435.654,-0.899798
61,283.822,-0.787017
62,24.6948,-0.745745
63,101.337,0.0232803
64,208.377,0.982297
65,14.834,1.05642
66,-102.865,0.503929
67,177.786,0.0438284
68,421.134,0.129964
69,221.593,0.624396
70,-39.1661,1.25083
71,55.3769,1.8393
72,204.6,2.08123
73,63.2105,1.78042
74,-53.0287,1.45006
75,167.297,1.61902
76,365.797,2.11954
77,184.768,2.48432
78,-48.4644,2.86553
79,35.4094,3.20989
80,173.471,3.41265
81,60.6133,3.522
82,-22.4786,3.62949
83,187.845,3.771
84,347.108,3.92153
85,142.197,3.92279
86,-86.8003,4.1152
87,16.0658,4.67232
88,183.576,5.09519
89,102.804,4.77086
90,22.8388,4.02734
91,192.447,3.67585
92,307.474,4.0915
93,97.9479,4.621
94,-106.641,4.6802
95,20.2801,4.24125
96,208.63,3.78241
97,142.02,3.58376
98,42.8715,3.62454
99,160.656,3.54454
100,246.644,3.37727
101,66.8868,3.3063
102,-91.7945,3.40819
103,45.3053,3.35653
104,220.783,3.02269
105,149.127,2.63967
106,41.9101,2.61064
107,137.305,2.78418
108,212.862,2.77483
109,52.2421,2.42311
110,-82.7432,2.09909
111,59.0881,1.93335
112,230.522,1.87209
113,158.006,1.72877
114,40.7399,1.40721
115,111.669,0.939416
116,174.158,0.725788
117,33.7241,0.793211
118,-67.7172,0.777145
119,86.2973,0.395481
120,244.555,-0.056082
121,152.457,-0.306924
122,17.2723,-0.336578
123,75.9216,-0.361771
124,147.046,-0.448749
125,38.0966,-0.654598
126,-40.5838,-0.908983
127,103.047,-1.13588
128,236.949,-1.19085
129,133.63,-1.12749
130,-4.51888,-1.13132
131,50.6633,-1.32084
132,131.832,-1.4686
133,49.3307,-1.46187
134,-16.2898,-1.40247
135,109.333,-1.48143
136,218.266,-1.46298
137,109.231,-1.22703
138,-22.2058,-1.09503
139,36.9829,-1.29967
140,123.967,-1.46162
141,54.8042,-1.30618
142,-3.80229,-1.07117
143,110.166,-1.03553
144,200.69,-0.978719
145,84.4958,-0.795279
146,-43.585,-0.745056
147,21.8473,-0.930635
148,120.472,-1.01088
149,66.2556,-0.813544
150,8.23349,-0.54723
151,101.013,-0.504827
152,170.083,-0.560735
153,54.5059,-0.525173
154,-58.0995,-0.487945
155,18.8368,-0.631058
156,122.998,-0.78609
157,72.4595,-0.731589
158,8.24496,-0.576255
159,82.4379,-0.560674
160,139.492,-0.609715
161,32.9921,-0.645908
162,-62.4634,-0.798986
163,22.0825,-1.10507
164,126.482,-1.21399
165,75.2944,-0.983548
166,4.00633,-0.754036
167,64.2442,-0.848283
168,116.13,-1.01692
169,21.7573,-0.987656
170,-58.583,-0.986485
171,29.2392,-1.23104
172,129.441,-1.34252
173,75.1433,-1.00738
174,-1.68213,-0.599113
175,48.4437,-0.594229
176,97.063,-0.805635
177,14.2699,-0.870704
178,-51.2271,-0.830027
179,39.5055,-0.838094
180,132.527,-0.695786
181,71.0174,-0.344815
182,-11.8785,-0.0891359
183,32.7713,-0.159504
184,84.4959,-0.29841
185,16.2382,-0.284441
186,-37.547,-0.24251
187,49.5486,-0.291674
188,131.084,-0.157147
189,63.0673,0.24434
190,-21.5963,0.503379
191,22.4218,0.272852
192,79.2051,-0.044535
193,22.3272,-0.00274123
194,-25.7638,0.202463
195,53.7394,0.209169
196,123.903,0.258019
197,52.0028,0.587987
198,-31.155,0.816381
199,14.7219,0.571378
200,76.7797,0.260311
201,29.0377,0.31969
202,-16.062,0.542097
203,54.6584,0.596044
204,114.178,0.699444
205,40.8162,0.973073
206,-37.268,1.05879
207,12.8266,0.719692
208,78.8276,0.415308
209,36.3073,0.531452
210,-8.66054,0.807214
211,53.0679,0.856569
212,103.248,0.877119
213,30.1695,1.0518
214,-40.9773,1.09277
215,14.6505,0.756272
216,83.8481,0.47711
217,43.1431,0.644671
218,-5.50482,0.965
219,46.823,0.995891
220,91.5361,0.926168
221,23.2998,1.01659
222,-39.6531,1.00234
223,18.9745,0.642515
224,87.6301,0.391336
225,46.5183,0.621176
226,-5.51678,0.966376
227,39.3666,0.942553
228,80.5423,0.771244
229,18.0797,0.761963
230,-36.6129,0.711027
231,24.1738,0.416574
232,90.1528,0.285867
233,46.3336,0.580693
234,-9.06391,0.891663
235,31.252,0.799454
236,71.9814,0.595251
237,16.1004,0.591678
238,-31.6536,0.564241
239,29.3593,0.288493
240,91.1433,0.184197
241,44.0383,0.515537
242,-13.9423,0.811841
243,23.7081,0.600023
244,65.8522,0.236473
245,16.9616,0.173368
246,-25.3274,0.192302
247,33.5046,-0.0499396
248,89.3371,-0.20167
249,39.0232,0.0329891
250,-19.5414,0.241348
251,18.0896,-0.0274801
252,62.951,-0.434088
253,19.9894,-0.532016
254,-19.2964,-0.502865
255,35.5063,-0.648504
256,85.3911,-0.689551
257,33.4297,-0.420283
258,-23.7103,-0.265267
259,15.1726,-0.583759
260,62.4237,-0.935826
261,23.628,-0.888024
262,-14.4306,-0.714218
263,35.7407,-0.784688
264,80.0749,-0.804906
265,27.3245,-0.535306
266,-27.1973,-0.38906
267,13.9947,-0.703641
268,63.4799,-1.02787
269,27.2518,-0.911164
270,-11.3024,-0.646679
271,33.9462,-0.660551
272,74.1134,-0.695049
273,22.5856,-0.479865
274,-27.8993,-0.366616
275,15.6943,-0.655597
276,66.2338,-0.894305
277,31.003,-0.662993
278,-8.94803,-0.316151
279,31.6624,-0.299113
280,68.8248,-0.335292
281,19.8737,-0.122016
282,-25.8121,0.00156916
283,19.8204,-0.271621
284,69.9689,-0.472283
285,34.0805,-0.187697
286,-7.69113,0.179702
287,29.6573,0.147778
288,65.8463,0.0121135
289,20.3321,0.115679
290,-21.2884,0.169259
291,24.9516,-0.110461
292,73.5718,-0.290428
293,36.5461,-0.0158082
294,-6.81067,0.2866
295,28.0305,0.157225
296,63.9855,-0.0836133
297,22.2048,-0.0594858
298,-15.6913,-0.0412864
299,30.2455,-0.318211
300,76.1088,-0.488677
301,37.3075,-0.23278
302,-6.93891,0.011465
303,26.9798,-0.200857
304,63.7705,-0.511704
305,25.4128,-0.502365
306,-9.94697,-0.441685
307,34.6164,-0.646047
308,77.3445,-0.758346
309,37.0084,-0.471344
310,-7.40712,-0.235011
311,26.4837,-0.456428
312,64.6213,-0.744034
313,29.2571,-0.663951
314,-4.78094,-0.512263
315,37.3286,-0.63405
316,76.7884,-0.680686
317,35.7827,-0.354651
318,-7.54788,-0.105942
319,27.1959,-0.333936
320,66.5808,-0.607305
321,33.3073,-0.460944
322,-0.284745,-0.211889
323,39.1863,-0.250255
324,75.7964,-0.271729
325,34.7699,0.0167053
326,-6.90211,0.225248
327,28.8727,0.000490608
328,68.9994,-0.225427
329,36.7733,-0.0260619
330,2.76522,0.267159
331,39.4546,0.253717
332,73.7138,0.230107
333,33.3775,0.494732
334,-6.05214,0.666551
335,30.883,0.417375
336,71.2058,0.208126
337,39.1103,0.461656
338,4.15343,0.793814
339,38.4453,0.756839
340,71.3423,0.659522
341,32.4604,0.853868
342,-4.71969,0.981274
343,32.7641,0.727603
344,72.4921,0.521317
345,39.9233,0.767522
346,3.83553,1.06695
347,36.0406,0.969449
348,68.178,0.792725
349,31.2142,0.904845
350,-3.67467,0.97143
351,33.9434,0.693986
352,72.4838,0.50014
353,39.2246,0.753743
354,2.64699,1.01458
355,34.004,0.843527
356,66.3405,0.590193
357,31.4372,0.656843
358,-1.55923,0.722273
359,35.761,0.463451
360,72.8193,0.274264
361,38.6991,0.514429
362,1.68344,0.753303
363,32.5297,0.54134
364,65.3834,0.249415
365,32.4459,0.29351
366,0.706605,0.373094
367,36.9622,0.15473
368,72.1811,0.00218181
369,37.504,0.245127
370,0.808978,0.44267
371,31.8066,0.187712
372,65.2883,-0.124187
373,33.8628,-0.0538
374,2.83417,0.0787369
375,37.785,-0.0948679
376,71.2415,-0.222542
377,36.2758,0.02111
378,0.279968,0.209964
379,31.796,-0.047421
380,65.9492,-0.338928
381,35.6024,-0.224321
382,4.70391,-0.0354353
383,38.1169,-0.156661
384,70.1302,-0.258776
385,35.4667,-0.0244964
386,0.646932,0.133375
387,32.764,-0.140695
388,67.2532,-0.413256
389,37.4858,-0.255662
390,6.42498,-0.0285265
391,38.3983,-0.145275
392,69.2993,-0.28175
393,35.2761,-0.090495
394,1.83086,0.0426991
395,34.5237,-0.236013
396,69.0127,-0.502143
397,39.3347,-0.324904
398,7.83552,-0.0727605
399,38.5387,-0.187308
400,68.8028,-0.346236
401,35.7995,-0.188215
402,3.77173,-0.0755702
403,36.7334,-0.33926
404,70.7574,-0.561792
405,40.8216,-0.335721
406,8.89512,-0.0721267
407,38.6881,-0.205278
408,68.6489,-0.384512
409,36.6962,-0.236945
410,5.79983,-0.124444
411,38.6291,-0.373658
412,71.8066,-0.57043
413,41.3297,-0.326022
414,8.92254,-0.0646178
415,38.0008,-0.215285
416,67.9236,-0.433212
417,37.0571,-0.315495
418,7.02775,-0.196387
419,39.3332,-0.414073
420,71.4424,-0.574676
421,40.5733,-0.318891
422,8.16773,-0.0740647
423,37.0668,-0.253362
424,67.2388,-0.488361
425,37.444,-0.361673
426,8.15728,-0.216781
427,39.9096,-0.396795
428,71.0152,-0.5345
429,39.8869,-0.266308
430,7.74949,-0.0232415
431,36.8158,-0.223592
432,67.3877,-0.464547
433,38.4122,-0.325352
434,9.39362,-0.148334
435,40.2645,-0.298186
436,70.3855,-0.421476
437,39.2758,-0.167239
438,7.63742,0.0431902
439,36.8876,-0.173207
440,67.6541,-0.416954
441,39.1972,-0.261862
442,10.2236,-0.058402
443,40.1377,-0.190799
444,69.345,-0.309855
445,38.3734,-0.0710118
446,7.3989,0.12385
447,36.9155,-0.100359
448,67.7239,-0.338808
449,39.4558,-0.155946
450,10.3111,0.0824613
451,39.4019,-0.031781
452,68.075,-0.159547
453,37.6138,0.0519924
454,7.49896,0.223701
455,37.2893,-0.00666422
456,68.0544,-0.228704
457,39.907,-0.0284557
458,10.624,0.208
459,39.0761,0.0763494
460,67.4388,-0.0759169
461,37.643,0.110777
462,8.37389,0.258232
463,38.277,0.012782
464,68.7301,-0.200126
465,40.4595,0.0159957
466,11.0066,0.266117
467,39.0127,0.12188
468,67.3205,-0.0591595
469,38.2678,0.109513
470,9.73045,0.260625
471,39.5468,0.0429399
472,69.5441,-0.139022
473,41.1391,0.0996172
474,11.643,0.351963
475,39.3857,0.206889
476,67.7386,0.0235575
477,39.368,0.188551
478,11.3808,0.343748
479,40.9054,0.145415
480,70.2684,-0.012425
481,41.6551,0.238085
482,12.2026,0.483697
483,39.8664,0.31235
484,68.3558,0.100444
485,40.5611,0.256241
486,12.8891,0.423957
487,41.9596,0.237324
488,70.7213,0.0826299
489,42.0579,0.320614
490,12.8196,0.542116
491,40.5018,0.34703
492,69.1074,0.117237
493,41.7588,0.260064
494,14.256,0.426942
495,42.7667,0.247465
496,70.894,0.0891409
497,42.2481,0.309822
498,13.3647,0.501141
499,41.1741,0.273589
500,69.8537,0.0261104
501,42.7746,0.176814
502,15.2922,0.357755
503,43.3008,0.183898
504,71.0163,0.0159566
505,42.5952,0.217355
506,14.1647,0.391975
507,42.1056,0.156147
508,70.7977,-0.0861807
509,43.8845,0.0757888
510,16.347,0.267218
511,43.8473,0.102578
512,71.2044,-0.067864
513,43.1005,0.119528
514,15.1688,0.274911
515,43.1647,0.0354992
516,71.6734,-0.19749
517,44.7205,-0.0196307
518,17.0745,0.186777
519,44.1703,0.0181724
520,71.3132,-0.16659
521,43.555,0.00841455
522,16.0441,0.161513
523,43.995,-0.0748372
524,72.2369,-0.297396
525,45.2017,-0.104463
526,17.4526,0.112908
527,44.2337,-0.0577214
528,71.2881,-0.249867
529,43.9404,-0.0849676
530,16.807,0.0686772
531,44.5948,-0.148709
532,72.4701,-0.342511
533,45.3396,-0.124119
534,17.5814,0.105906
535,44.2018,-0.0634852
536,71.25,-0.256533
537,44.2783,-0.077795
538,17.4363,0.0976382
539,44.9907,-0.100715
540,72.4701,-0.27306
541,45.258,-0.0391752
542,17.5403,0.189266
543,44.0562,0.0176469
544,71.1072,-0.183165
545,44.4306,-0.0128319
546,17.7255,0.164382
547,44.9197,-0.0238281
548,71.9669,-0.188818
549,44.7054,0.0385241
550,17.1326,0.251363
551,43.6422,0.0590635
552,70.7087,-0.156542
553,44.2583,0.0105588
554,17.6398,0.195934
555,44.5117,0.0150268
556,71.2158,-0.150728
557,44.017,0.0712217
558,16.6707,0.273907
559,43.1966,0.0710445
560,70.2498,-0.1438
561,43.9452,0.0365459
562,17.3161,0.233425
563,43.8203,0.069124
564,70.2223,-0.0902255
565,43.1683,0.126726
566,16.1086,0.323709
567,42.6581,0.118229
568,69.6308,-0.0894479
569,43.3864,0.09865
570,16.7477,0.307688
571,42.9743,0.144413
572,69.1767,-0.0211018
573,42.32,0.183401
574,15.5394,0.371432
575,42.0898,0.161313
576,68.9428,-0.046368
577,42.7054,0.149619
578,16.0216,0.364745
579,41.9991,0.198427
580,68.0859,0.0243578
581,41.4935,0.219279
582,15.0017,0.398503
583,41.4997,0.185697
584,68.1687,-0.0181859
585,41.9345,0.183212
586,15.2792,0.398827
587,41.1194,0.225192
588,67.1817,0.0339197
589,40.8674,0.215038
590,14.6399,0.384348
591,41.063,0.173643
592,67.5458,-0.0273877
593,41.3175,0.179899
594,14.7186,0.389477
595,40.5014,0.207151
596,66.5837,0.00594228
597,40.5456,0.180766
598,14.5235,0.353675
599,40.7999,0.150677
600,67.0699,-0.04306
601,40.8685,0.163708
602,14.3801,0.369438
603,40.1295,0.178508
604,66.2193,-0.0245572
605,40.3854,0.144432
606,14.483,0.320029
607,40.5657,0.120642
608,66.5843,-0.0694927
609,40.3976,0.136989
610,14.0198,0.342142
611,39.7412,0.142067
612,65.8118,-0.0714715
613,40.1072,0.097184
614,14.2445,0.28155
615,40.0975,0.0879047
616,65.8973,-0.0963067
617,39.7863,0.109833
618,13.5757,0.306578
619,39.2965,0.102081
620,65.3289,-0.111729
621,39.7233,0.0673996
622,13.8993,0.259962
623,39.5567,0.0770415
624,65.1884,-0.102236
625,39.1814,0.102733
626,13.1519,0.296472
627,38.8548,0.0893133
628,64.8108,-0.120156
629,39.2411,0.0664723
630,13.3863,0.267453
631,38.8309,0.0858518
632,64.3183,-0.0950283
633,38.4319,0.100938
634,12.5563,0.282635
635,38.2006,0.0766617
636,64.0329,-0.129777
637,38.4736,0.0576648
638,12.6371,0.258408
639,37.9385,0.0785933
640,63.3406,-0.106389
641,37.6307,0.0807846
642,11.9383,0.261356
643,37.5286,0.0551028
644,63.222,-0.150137
645,37.6642,0.043566
646,11.837,0.249815
647,37.024,0.0664477
648,62.3811,-0.132167
649,36.8208,0.0501809
650,11.2636,0.236756
651,36.7533,0.0284562
652,62.3067,-0.173931
653,36.773,0.0243066
654,11.0031,0.228468
655,36.1345,0.0390911
656,61.4834,-0.158921
657,36.0963,0.0234565
658,10.681,0.204155
659,36.0779,0.00339701
660,61.4901,-0.190713
661,35.9953,0.0102471
662,10.3241,0.211107
663,35.4486,0.0186013
664,60.8014,-0.186647
665,35.5473,-0.00499709
666,10.2063,0.176667
667,35.4742,-0.0241312
668,60.7404,-0.221051
669,35.285,-0.0225516
670,9.7025,0.175579
671,34.7833,-0.0294972
672,60.0915,-0.238567
673,34.9266,-0.0580509
674,9.63473,0.124605
675,34.7664,-0.0723671
676,59.9012,-0.265344
677,34.5215,-0.0636748
678,9.07755,0.132688
679,34.1589,-0.0693068
680,59.4461,-0.280809
681,34.367,-0.0937119
682,9.12292,0.102968
683,34.1399,-0.0876279
684,59.1901,-0.277041
685,33.9154,-0.0735158
686,8.60108,0.122631
687,33.6682,-0.0789711
688,58.9085,-0.284415
689,33.8783,-0.0913472
690,8.67063,0.109234
691,33.5841,-0.0809374
692,58.5626,-0.269519
693,33.3995,-0.0721762
694,8.22587,0.12196
695,33.2728,-0.0831991
696,58.4389,-0.287988
697,33.4476,-0.0959506
698,8.27644,0.107484
699,33.1103,-0.0839686
700,58.0523,-0.276019
701,33.016,-0.0809451
702,7.96699,0.111244
703,32.9847,-0.0907235
704,58.0904,-0.28914
705,33.1618,-0.0885773
706,8.06204,0.116812
707,32.8722,-0.0630011
708,57.8127,-0.254402
709,32.931,-0.0601193
710,8.02447,0.140323
711,32.9946,-0.055112
712,58.0213,-0.246204
713,33.1434,-0.0387501
714,8.11183,0.172725
715,32.8945,-0.0156891
716,57.8312,-0.204636
717,33.0617,-0.00459782
718,8.24783,0.195769
719,33.1745,0.00387927
720,58.1363,-0.18688
721,33.3218,0.0209757
722,8.39301,0.232368
723,33.1739,0.0468242
724,58.12,-0.145834
725,33.4737,0.0495973
726,8.73496,0.244843
727,33.5832,0.0549827
728,58.4542,-0.132692
729,33.6932,0.07108
730,8.83894,0.276984
731,33.5921,0.0842769
732,58.4933,-0.115319
733,33.9003,0.0737763
734,9.20316,0.271608
735,33.9619,0.0784409
736,58.7477,-0.110739
737,34.0397,0.0883799
738,9.27966,0.28769
739,34.0149,0.0898748
740,58.8918,-0.113823
741,34.3634,0.0796245
742,9.71248,0.276902
743,34.4017,0.082463
744,59.1364,-0.110037
745,34.5195,0.0909136
746,9.86568,0.281503
747,34.599,0.0790416
748,59.4367,-0.124117
749,34.9564,0.0653907
750,10.3587,0.256355
751,34.9866,0.0599567
752,59.6821,-0.142765
753,35.1521,0.0464364
754,10.5851,0.237428
755,35.2882,0.026243
756,60.0831,-0.184604
757,35.6453,0.00409888
758,11.0857,0.196688
759,35.6626,-0.00428194
760,60.328,-0.206202
761,35.8938,-0.0162951
762,11.4227,0.172505
763,36.092,-0.0362216
764,60.8338,-0.24031
765,36.4453,-0.0493808
766,11.9432,0.146253
767,36.4888,-0.0497101
768,61.1324,-0.252369
769,36.7834,-0.0643974
770,12.3902,0.121424
771,37.0106,-0.0835634
772,61.6801,-0.283234
773,37.3202,-0.0889123
774,12.8513,0.107001
775,37.3487,-0.0914386
776,61.9515,-0.292747
777,37.6526,-0.103017
778,13.2942,0.0862934
779,37.8302,-0.11567
780,62.4075,-0.313983
781,38.0592,-0.118352
782,13.6158,0.08104
783,38.0552,-0.115561
784,62.6083,-0.318685
785,38.347,-0.122826
786,14.0047,0.0720812
787,38.4561,-0.125809
788,62.946,-0.32169
789,38.6094,-0.120232
790,14.2039,0.0816998
791,38.5985,-0.11219
792,63.0943,-0.312541
793,38.8499,-0.115923
794,14.5188,0.0828985
795,38.8824,-0.109526
796,63.2822,-0.301954
797,38.97,-0.0996003
798,14.6016,0.102981
799,38.9485,-0.0930618
800,63.3823,-0.287312
801,39.1547,-0.0870588
802,14.8453,0.115724
803,39.1409,-0.0747951
804,63.4766,-0.263577
805,39.2134,-0.0592621
806,14.9051,0.145352
807,39.2168,-0.0480281
808,63.6052,-0.243702
809,39.4058,-0.0435071
810,15.1153,0.161713
811,39.3419,-0.0272922
812,63.626,-0.217778
813,39.3969,-0.013281
814,15.1178,0.189363
815,39.3674,-0.00651573
816,63.6754,-0.201044
817,39.4795,0.00010474
818,15.185,0.205873
819,39.3442,0.0168946
820,63.5726,-0.175787
821,39.3711,0.0260366
822,15.126,0.229231
823,39.324,0.0335221
824,63.5713,-0.158982
825,39.3914,0.044614
826,15.1338,0.251193
827,39.2543,0.0609646
828,63.4492,-0.13174
829,39.3032,0.0695592
830,15.1217,0.269368
831,39.2777,0.0773151
832,63.4806,-0.11546
833,39.3395,0.0885282
834,15.1242,0.291717
835,39.2236,0.0970268
836,63.3994,-0.094873
837,39.3115,0.10739
838,15.1733,0.305762
839,39.2838,0.110411
840,63.4395,-0.0851157
841,39.3267,0.118143
842,15.1541,0.322646
843,39.2194,0.126397
844,63.3604,-0.0679659
845,39.3083,0.131181
846,15.1914,0.326205
847,39.2449,0.13188
848,63.3414,-0.0632545
849,39.2559,0.138736
850,15.11,0.341093
851,39.1369,0.143473
852,63.2358,-0.0547685
853,39.2062,0.141259
854,15.112,0.342998
855,39.1159,0.146591
856,63.1602,-0.0484017
857,39.1014,0.153128
858,14.9986,0.352495
859,38.9971,0.15591
860,63.063,-0.0454701
861,39.0623,0.153842
862,14.9873,0.355393
863,38.942,0.159224
864,62.9445,-0.0372363
865,38.9257,0.162662
866,14.8673,0.359881
867,38.8282,0.159733
868,62.8514,-0.0413776
869,38.8748,0.154751
870,14.828,0.352795
871,38.7509,0.152786
872,62.7225,-0.050153
873,38.745,0.145953
874,14.7349,0.340681
875,38.6738,0.140421
876,62.6643,-0.066962
877,38.7218,0.12513
878,14.7127,0.32253
879,38.609,0.123824
880,62.5594,-0.0770715
881,38.6318,0.114283
882,14.6621,0.311569
883,38.5799,0.107253
884,62.5443,-0.094342
885,38.6374,0.104252
886,14.6677,0.301702
887,38.5494,0.101869
888,62.4846,-0.0966878
889,38.6127,0.098659
890,14.7063,0.298575
891,38.6064,0.0970538
892,62.5473,-0.101614
893,38.6815,0.0988303
894,14.7661,0.299115
895,38.6274,0.10057
896,62.5575,-0.0973822
897,38.7332,0.0981301
898,14.8527,0.295123
899,38.7231,0.0967023
900,62.6235,-0.104723
901,38.7811,0.0946328
902,14.8891,0.294619
903,38.7203,0.0951917
904,62.6075,-0.104902
905,38.8052,0.089824
906,14.943,0.287255
907,38.7534,0.0863393
908,62.6008,-0.118758
909,38.781,0.0799215
910,14.9114,0.277378
911,38.6971,0.0752766
912,62.5441,-0.132136
913,38.7541,0.0639454
914,14.906,0.262103
915,38.6792,0.0576675
916,62.4909,-0.145752
917,38.6894,0.051359
918,14.8498,0.246629
919,38.6207,0.0431857
920,62.4352,-0.159497
921,38.6645,0.0349932
922,14.848,0.232686
923,38.5892,0.0313903
924,62.3728,-0.170166
925,38.6063,0.0275821
926,14.7994,0.224711
927,38.5343,0.0263459
928,62.3268,-0.179218
929,38.5859,0.0175933
930,14.784,0.21785
931,38.4926,0.0168093
932,62.2436,-0.185418
933,38.502,0.0142885
934,14.7236,0.212466
935,38.4315,0.01139
936,62.1884,-0.193336
937,38.4586,0.00296465
938,14.6782,0.203345
939,38.3611,0.00281296
940,62.0862,-0.19978
941,38.3709,-0.00547569
942,14.6203,0.192682
943,38.3013,-0.00660363
944,62.0203,-0.208366
945,38.3114,-0.0108432
946,14.554,0.192498
947,38.2062,-0.00627052
948,61.9,-0.208669
949,38.2068,-0.00893324
950,14.4837,0.191311
951,38.1321,-0.00890019
952,61.8235,-0.20934
953,38.1382,-0.00612237
954,14.4035,0.196907
955,38.0344,-0.000510512
956,61.7178,-0.20174
957,38.0564,0.00139709
958,14.3518,0.203847
959,37.9765,0.0074279
960,61.6372,-0.190171
961,37.9809,0.0115312
962,14.2765,0.218099
963,37.8858,0.0204483
964,61.5372,-0.177214
965,37.8986,0.0267174
966,14.2236,0.231316
967,37.8234,0.0336913
968,61.4487,-0.16377
969,37.8105,0.0414282
970,14.1317,0.249206
971,37.7204,0.0531318
972,61.3538,-0.146419
973,37.7389,0.0566534
974,14.0833,0.262295
975,37.6533,0.066935
976,61.2619,-0.130676
977,37.653,0.0744001
978,14.0126,0.278851
979,37.5792,0.0815783
980,61.1951,-0.117517
981,37.6108,0.0886281
982,13.9838,0.292889
983,37.5395,0.0956956
984,61.1351,-0.0999324
985,37.5549,0.103034
986,13.9457,0.306154
987,37.5021,0.109535
988,61.0948,-0.0881885
989,37.5299,0.115963
990,13.9339,0.318653
991,37.4649,0.120355
992,61.0286,-0.0779726
993,37.4677,0.124483
994,13.8781,0.326614
995,37.4054,0.12607
996,60.9635,-0.0705751
997,37.4141,0.130711
998,13.8262,0.333902
999,37.3271,0.135627
1000,60.8721,-0.0639398
1001,37.33,0.137488
1002,13.7618,0.33983
1003,37.2627,0.14085
1004,60.8006,-0.0561689
1005,37.2674,0.145635
1006,13.7015,0.344975
1007,37.1912,0.150425
1008,60.715,-0.0471862
1009,37.2016,0.156713
1010,13.657,0.35706
1011,37.1402,0.157022
1012,60.6509,-0.0422612
1013,37.1441,0.160496
1014,13.6042,0.364518
1015,37.0698,0.166665
1016,60.5739,-0.0340553
1017,37.0876,0.165595
1018,13.5625,0.367715
1019,37.0275,0.168875
1020,60.5175,-0.0305889
1021,37.0362,0.170984
1022,13.5206,0.373271
1023,36.9696,0.172001
1024,60.46,-0.0336446
1025,36.9994,0.165784
1026,13.4984,0.36842
1027,36.9393,0.164818
1028,60.4106,-0.0396599
1029,36.9432,0.162346
1030,13.4477,0.362243
1031,36.8796,0.158093
1032,60.3496,-0.0458322
1033,36.9077,0.152157
1034,13.4281,0.350181
1035,36.8466,0.14829
1036,60.2955,-0.0579723
1037,36.857,0.139445
1038,13.3885,0.338668
1039,36.809,0.134865
1040,60.26,-0.0694332
1041,36.8377,0.12722
1042,13.38,0.326824
1043,36.7856,0.123951
1044,60.2241,-0.0815458
1045,36.8095,0.112534
1046,13.3698,0.313305
1047,36.7687,0.111483
1048,60.1971,-0.0931247
1049,36.7939,0.102738
1050,13.356,0.303103
1051,36.7454,0.0988431
1052,60.1597,-0.105572
1053,36.7601,0.0926103
1054,13.3338,0.290817
1055,36.7141,0.087295
1056,60.1219,-0.115536
1057,36.7292,0.0841474
1058,13.3102,0.281421
1059,36.6745,0.0767935
1060,60.0677,-0.127316
1061,36.6865,0.0739777
1062,13.2776,0.276636
1063,36.6349,0.0691229
1064,60.0327,-0.136322
1065,36.6559,0.0672738
1066,13.2533,0.266828
1067,36.605,0.066145
1068,59.9867,-0.135338
1069,36.6271,0.0623152
1070,13.243,0.264522
1071,36.5885,0.0673303
1072,59.963,-0.135761
1073,36.6053,0.068279
1074,13.2198,0.272724
1075,36.5554,0.0726416
1076,59.9254,-0.1281
1077,36.5826,0.0725797
1078,13.2049,0.276113
1079,36.5322,0.0778314
1080,59.8853,-0.121512
1081,36.5439,0.0819415
1082,13.178,0.285231
1083,36.4933,0.0843782
1084,59.8363,-0.115464
1085,36.5146,0.087013
1086,13.16,0.289016
1087,36.4673,0.0882783
1088,59.805,-0.113598
1089,36.4816,0.0903502
1090,13.1352,0.292577
1091,36.436,0.0901916
1092,59.7708,-0.110947
1093,36.463,0.090528
1094,13.1236,0.294623
1095,36.4191,0.0929925
1096,59.7397,-0.109618
1097,36.4389,0.0885025
1098,13.1152,0.291491
1099,36.405,0.091975
1100,59.7212,-0.112378
1101,36.4347,0.0890281
1102,13.1198,0.29078
1103,36.3965,0.0870931
1104,59.7069,-0.11709
1105,36.4327,0.085818
1106,13.1298,0.28932
1107,36.4051,0.088443
1108,59.7102,-0.115631
1109,36.4432,0.0861436
1110,13.1482,0.289646
1111,36.4096,0.0850541
1112,59.7029,-0.117349
1113,36.4371,0.0867663
1114,13.1497,0.290234
1115,36.4106,0.085053
1116,59.699,-0.11898
1117,36.4402,0.0850692
1118,13.1528,0.288797
1119,36.4039,0.0856762
1120,59.6774,-0.118294
1121,36.43,0.0823524
1122,13.1544,0.284308
1123,36.4015,0.0830688
1124,59.6669,-0.120069
1125,36.4226,0.0833968
1126,13.151,0.285358
1127,36.3867,0.0830392
1128,59.6495,-0.117561
1129,36.4226,0.0859835
1130,13.1585,0.289283
1131,36.3924,0.0854032
1132,59.6514,-0.118137
1133,36.4281,0.0863397
1134,13.1756,0.289057
1135,36.3976,0.0873685
1136,59.6477,-0.112017
1137,36.4325,0.0911875
1138,13.1957,0.294232
1139,36.4133,0.0928121
1140,59.6525,-0.106981
1141,36.4409,0.09529
1142,13.2023,0.295888
1143,36.4151,0.0954989
1144,59.6513,-0.107871
1145,36.4439,0.0916757
1146,13.2151,0.294496
1147,36.4172,0.0938968
1148,59.6423,-0.110293
1149,36.4487,0.0899338
1150,13.224,0.291663
1151,36.4205,0.0909654
1152,59.6458,-0.116035
1153,36.4565,0.0854411
1154,13.2419,0.288476
1155,36.4363,0.0824977
1156,59.6481,-0.120813
1157,36.4644,0.0795761
1158,13.2579,0.282774
1159,36.4446,0.0779095
1160,59.6473,-0.125866
1161,36.4765,0.0801585
1162,13.28,0.281883
1163,36.4574,0.077476
1164,59.6616,-0.12667
1165,36.4947,0.075362
1166,13.3088,0.278553
1167,36.4845,0.0788875
1168,59.6848,-0.125011
1169,36.5241,0.0762012
1170,13.3511,0.278003
1171,36.5168,0.0734278
1172,59.7092,-0.127093
1173,36.5662,0.0787708
1174,13.3954,0.281788
1175,36.5573,0.0800587
1176,59.7531,-0.125076
1177,36.6136,0.0745329
1178,13.444,0.281965
1179,36.6062,0.0817167
1180,59.7854,-0.123129
1181,36.6441,0.0792188
1182,13.4863,0.28225
1183,36.6406,0.0781607
1184,59.8193,-0.12402
1185,36.6844,0.0806138
1186,13.5309,0.282479
1187,36.6738,0.0797829
1188,59.8465,-0.121832
1189,36.7279,0.0783914
1190,13.5838,0.281278
1191,36.7291,0.083019
1192,59.8928,-0.117562
1193,36.7778,0.0822644
1194,13.6497,0.283792
1195,36.7818,0.0829289
1196,59.9479,-0.120424
1197,36.8475,0.0858839
1198,13.7249,0.288337
1199,36.8565,0.0856037
1200,60.0135,-0.116089
1201,36.9147,0.088921
1202,13.7978,0.291711
1203,36.9293,0.0887152
1204,60.0757,-0.114356
1205,36.9834,0.0910285
1206,13.8727,0.295951
1207,36.996,0.0913174
1208,60.1379,-0.114442
1209,37.0504,0.087381
1210,13.9449,0.290144
1211,37.0596,0.0885598
1212,60.1967,-0.116568
1213,37.1159,0.0841732
1214,14.0165,0.287661
1215,37.1209,0.0827569
1216,60.2479,-0.122371
1217,37.1727,0.0817742
1218,14.0764,0.283825
1219,37.1792,0.0813053
1220,60.2979,-0.122504
1221,37.2205,0.0793927
1222,14.1349,0.281472
1223,37.2279,0.0773795
1224,60.3353,-0.125166
1225,37.2742,0.0770413
1226,14.1888,0.281652
1227,37.274,0.0793503
1228,60.3803,-0.126477
1229,37.3171,0.0776286
1230,14.2318,0.281978
1231,37.3069,0.0816108
1232,60.4104,-0.125646
1233,37.3543,0.0758896
1234,14.2732,0.282914
1235,37.3432,0.0794194
1236,60.4373,-0.124789
1237,37.3824,0.0780297
1238,14.3087,0.2817
1239,37.3719,0.0802239
1240,60.4565,-0.123923
1241,37.4028,0.0778882
1242,14.3303,0.280346
1243,37.3867,0.0772098
1244,60.4661,-0.126923
1245,37.4114,0.0761116
1246,14.3401,0.278427
1247,37.394,0.0752257
1248,60.4589,-0.126499
1249,37.4131,0.0755792
1250,14.3494,0.279252
1251,37.3901,0.0752553
1252,60.4474,-0.127088
1253,37.4044,0.0771688
1254,14.3499,0.2789
1255,37.3923,0.0760158
1256,60.4399,-0.124213
1257,37.4096,0.0804926
1258,14.3608,0.282345
1259,37.3973,0.0791882
1260,60.4462,-0.12312
1261,37.4186,0.0801278
1262,14.3703,0.286268
1263,37.4013,0.0830954
1264,60.4534,-0.117135
1265,37.425,0.0859959
1266,14.3831,0.289186
1267,37.4102,0.0873997
1268,60.4471,-0.114455
1269,37.4251,0.0893735
1270,14.3883,0.291802
1271,37.4062,0.0904838
1272,60.4415,-0.11093
1273,37.4282,0.0924547
1274,14.3942,0.29786
1275,37.4089,0.0949891
1276,60.4358,-0.108823
1277,37.4266,0.0945243
1278,14.3979,0.298225
1279,37.4071,0.0970347
1280,60.4233,-0.103979
1281,37.4214,0.101087
1282,14.3998,0.304203
1283,37.3995,0.102035
1284,60.4193,-0.0974903
1285,37.4178,0.10772
1286,14.4012,0.312778
1287,37.3989,0.113455
1288,60.4151,-0.0914507
1289,37.4165,0.113186
1290,14.4013,0.321794
1291,37.3948,0.120514
1292,60.4015,-0.0809799
1293,37.409,0.123627
1294,14.4005,0.328892
1295,37.3882,0.12893
1296,60.3915,-0.0720967
1297,37.3995,0.135413
1298,14.3972,0.343132
1299,37.3747,0.138039
1300,60.3736,-0.0659399
1301,37.3922,0.144051
1302,14.3856,0.349179
1303,37.3609,0.147418
1304,60.3529,-0.055263
1305,37.3691,0.148921
1306,14.3724,0.353215
1307,37.3374,0.152569
1308,60.3216,-0.0526579
1309,37.3454,0.154166
1310,14.3506,0.359752
1311,37.3119,0.153372
1312,60.2938,-0.0500044
1313,37.3173,0.156521
1314,14.3271,0.364074
1315,37.288,0.159474
1316,60.2609,-0.0450945
1317,37.2952,0.158238
1318,14.3094,0.363636
1319,37.2627,0.160956
1320,60.2317,-0.0393141
1321,37.2679,0.163328
1322,14.2977,0.364045
1323,37.2496,0.163677
1324,60.2091,-0.0431636
1325,37.2478,0.158148
1326,14.2763,0.363465
1327,37.2264,0.162244
1328,60.1828,-0.040576
1329,37.2229,0.160118
1330,14.2534,0.35945
1331,37.188,0.158092
1332,60.144,-0.0444205
1333,37.1878,0.156155
1334,14.2167,0.359349
1335,37.1495,0.155499
1336,60.0967,-0.0503645
1337,37.1446,0.15367
1338,14.1796,0.357425
1339,37.1068,0.149072
1340,60.0479,-0.0559769
1341,37.1001,0.149096
1342,14.1451,0.351461
1343,37.0657,0.146337
1344,60.0013,-0.0567089
1345,37.0597,0.144012
1346,14.1012,0.346666
1347,37.0217,0.145577
1348,59.9574,-0.0611041
1349,37.0167,0.139888
1350,14.0668,0.345654
1351,36.9794,0.141906
1352,59.9037,-0.0609022
1353,36.9694,0.138629
1354,14.0264,0.344123
1355,36.9398,0.142768
1356,59.8642,-0.0637904
1357,36.9326,0.141088
1358,13.987,0.34444
1359,36.8974,0.140647
1360,59.8229,-0.065383
1361,36.895,0.140528
1362,13.9543,0.342934
1363,36.8566,0.13849
1364,59.7732,-0.0614656
1365,36.8486,0.139517
1366,13.9092,0.342673
1367,36.8096,0.137234
1368,59.7204,-0.0661643
1369,36.8011,0.138158
1370,13.8669,0.340623
1371,36.7635,0.13721
1372,59.6706,-0.0703318
1373,36.7536,0.133634
1374,13.8258,0.338115
1375,36.7172,0.132632
1376,59.6201,-0.0696816
1377,36.7058,0.133909
1378,13.7793,0.33814
1379,36.6695,0.133849
1380,59.5728,-0.0717228
1381,36.6639,0.13265
1382,13.7435,0.339347
1383,36.632,0.134891
1384,59.5305,-0.0722658
1385,36.6255,0.132726
1386,13.716,0.337512
1387,36.602,0.134168
1388,59.492,-0.0670876
1389,36.592,0.135934
1390,13.686,0.336756
1391,36.5656,0.136796
1392,59.4544,-0.065386
1393,36.5597,0.138464
1394,13.6531,0.339866
1395,36.5242,0.136613
1396,59.4103,-0.06465
1397,36.5168,0.140047
1398,13.6122,0.344079
1399,36.4818,0.138519
1400,59.3619,-0.0645543
1401,36.4737,0.140023
1402,13.5704,0.342542
1403,36.4371,0.142859
1404,59.3171,-0.0599217
1405,36.4331,0.143863
1406,13.5391,0.347745
1407,36.404,0.1459
1408,59.2737,-0.0549699
1409,36.3948,0.146653
1410,13.511,0.351819
1411,36.371,0.152023
1412,59.244,-0.0503535
1413,36.3685,0.15529
1414,13.4842,0.360423
1415,36.3432,0.158104
1416,59.2113,-0.046259
1417,36.3438,0.161738
1418,13.466,0.36741
1419,36.3191,0.166493
1420,59.189,-0.0381879
1421,36.3288,0.16788
1422,13.4538,0.374246
1423,36.3071,0.169079
1424,59.1797,-0.0305682
1425,36.326,0.175389
1426,13.453,0.379795
1427,36.3085,0.177488
1428,59.1732,-0.024821
1429,36.3257,0.178542
1430,13.4713,0.383942
1431,36.3304,0.181515
1432,59.2046,-0.0214632
1433,36.366,0.180695
1434,13.5182,0.386476
1435,36.3869,0.184745
1436,59.2701,-0.0179486
1437,36.4531,0.187213
1438,13.6267,0.38971
1439,36.504,0.187436
1440,59.3991,-0.0157302
1441,36.6014,0.188444
1442,13.7914,0.394568
1443,36.6922,0.189722
1444,59.6048,-0.0138344
1445,36.8251,0.188216
1446,14.038,0.394556
1447,36.9483,0.190699
1448,59.866,-0.0106244
1449,37.1044,0.19282
1450,14.3347,0.397778
1451,37.2491,0.193631
1452,60.1699,-0.0108242
1453,37.4173,0.194682
1454,14.6466,0.399258
1455,37.5551,0.196793
1456,60.4686,-0.00772646
1457,37.7011,0.197903
1458,14.9249,0.404197
1459,37.815,0.198137
1460,60.7097,-0.00528449
1461,37.93,0.200544
1462,15.136,0.403691
1463,37.9927,0.199125
1464,60.8564,-0.00612779
1465,38.0571,0.199385
1466,15.2386,0.405738
1467,38.0692,0.203884
1468,60.9033,-0.00159775
1469,38.0824,0.200604
1470,15.2376,0.404084
1471,38.0478,0.20429
1472,60.8609,0.00177705
1473,38.014,0.204614
1474,15.1573,0.410057
1475,37.9443,0.205085
1476,60.7348,0.00115414
1477,37.8776,0.205798
1478,15.0045,0.413202
1479,37.7683,0.20945
1480,60.5367,0.00454802
1481,37.6616,0.207469
1482,14.7716,0.412703
1483,37.5135,0.211372
1484,60.2602,0.00588671
1485,37.3709,0.207849
1486,14.4719,0.412042
1487,37.2033,0.206858
1488,59.9357,0.00261889
1489,37.0444,0.205635
1490,14.1554,0.410714
1491,36.8888,0.208038
1492,59.6303,-0.00118983
1493,36.7666,0.201493
1494,13.8973,0.406203
1495,36.644,0.204751
1496,59.407,-0.00365918
1497,36.5625,0.19663
1498,13.7087,0.401955
1499,36.4659,0.195956
1500,59.224,-0.00986514
1501,36.3807,0.194086
1502,13.5148,0.399659
1503,36.248,0.191722
1504,58.994,-0.0137576
1505,36.1248,0.190612
1506,13.2413,0.395672
1507,35.9545,0.189696
1508,58.6732,-0.0163211
1509,35.8001,0.187925
1510,12.9156,0.393728
1511,35.6213,0.189696
1512,58.342,-0.0171788
1513,35.4772,0.184914
1514,12.6019,0.389482
1515,35.3129,0.186188
1516,58.0361,-0.0177098
1517,35.1765,0.183335
1518,12.3146,0.386451
1519,35.0276,0.186371
1520,57.7434,-0.0190851
1521,34.8864,0.181147
1522,12.025,0.383224
1523,34.7326,0.181624
1524,57.4511,-0.0242902
1525,34.6044,0.181598
1526,11.752,0.383144
1527,34.471,0.179792
1528,57.2049,-0.0245042
1529,34.3755,0.179507
1530,11.5439,0.381046
1531,34.2793,0.177994
1532,57.0255,-0.0244259
1533,34.2176,0.178056
1534,11.4002,0.381231
1535,34.1465,0.180113
1536,56.9031,-0.0244607
1537,34.1071,0.180582
1538,11.3029,0.386935
1539,34.0562,0.181509
1540,56.8204,-0.0236262
1541,34.0438,0.183753
1542,11.257,0.386739
1543,34.0211,0.185031
1544,56.7927,-0.0165829
1545,34.0289,0.189771
1546,11.2633,0.391919
1547,34.0398,0.188386
1548,56.8208,-0.0124322
1549,34.0726,0.191359
1550,11.316,0.394625
1551,34.0953,0.192588
1552,56.8978,-0.0115591
1553,34.1634,0.189403
1554,11.4219,0.39313
1555,34.218,0.189516
1556,57.0226,-0.0126704
1557,34.3028,0.190025
1558,11.5725,0.39411
1559,34.3775,0.191262
1560,57.19,-0.0127044
1561,34.4811,0.194038
1562,11.7675,0.39686
1563,34.5762,0.19251
1564,57.3967,-0.0109445
1565,34.7032,0.197963
1566,12.0022,0.398318
1567,34.819,0.193962
1568,57.6421,-0.00687263
1569,34.9573,0.199456
1570,12.2697,0.40311
1571,35.0828,0.198953
1572,57.9101,-0.00454968
1573,35.2232,0.201115
1574,12.5351,0.408624
1575,35.3522,0.203423
1576,58.1732,0.000181561
1577,35.4844,0.203358
1578,12.795,0.410263
1579,35.6029,0.204137
1580,58.4133,-0.0010348
1581,35.7279,0.206679
1582,13.0277,0.411298
1583,35.8229,0.208027
1584,58.6267,0.00408836
1585,35.9332,0.207362
1586,13.2277,0.410893
1587,36.0134,0.20917
1588,58.8011,0.00288272
1589,36.1023,0.207542
1590,13.3926,0.411322
1591,36.1757,0.207397
1592,58.9544,0.00444533
1593,36.2451,0.207532
1594,13.5354,0.410114
1595,36.3006,0.206359
1596,59.0769,0.00112392
1597,36.3652,0.204127
1598,13.6482,0.407014
1599,36.4058,0.201454
1600,59.1637,-0.00312601
1601,36.449,0.198164
1602,13.7273,0.398547
1603,36.4757,0.194242
1604,59.23,-0.0105628
1605,36.5052,0.192469
1606,13.7716,0.395565
1607,36.5079,0.190284
1608,59.2512,-0.0166297
1609,36.5238,0.183576
1610,13.7821,0.38823
1611,36.5023,0.183563
1612,59.2319,-0.0218774
1613,36.496,0.180711
1614,13.7499,0.38052
1615,36.4588,0.174602
1616,59.1751,-0.0292412
1617,36.4314,0.174005
1618,13.6734,0.376125
1619,36.3729,0.167786
1620,59.0793,-0.0381412
1621,36.3333,0.162966
1622,13.5778,0.365467
1623,36.2698,0.161894
1624,58.9695,-0.0457645
1625,36.221,0.159114
1626,13.4598,0.360722
1627,36.1513,0.15508
1628,58.8498,-0.0490121
1629,36.1017,0.154641
1630,13.3453,0.36125
1631,36.0376,0.156715
1632,58.7351,-0.0517156
1633,35.9927,0.155103
1634,13.2394,0.361731
1635,35.9289,0.158195
1636,58.6253,-0.0475278
1637,35.8923,0.15834
1638,13.1526,0.364502
1639,35.8485,0.162035
1640,58.5497,-0.0442877
1641,35.8284,0.160437
1642,13.0992,0.369263
1643,35.8017,0.166655
1644,58.515,-0.0407709
1645,35.8102,0.165212
1646,13.0991,0.371639
1647,35.805,0.169063
1648,58.5259,-0.0334272
1649,35.8277,0.170753
1650,13.1203,0.374264
1651,35.8436,0.16894
1652,58.5682,-0.0346371
1653,35.8789,0.171916
1654,13.1857,0.375564
1655,35.9032,0.16895
1656,58.6359,-0.0362274
1657,35.9527,0.170854
1658,13.2623,0.377022
1659,35.9846,0.174106
1660,58.7158,-0.0298012
1661,36.0365,0.175544
1662,13.3462,0.378974
1663,36.0679,0.176529
1664,58.7909,-0.0241477
1665,36.1094,0.181701
1666,13.4216,0.386318
1667,36.1329,0.183318
1668,58.8532,-0.0196484
1669,36.1667,0.186542
1670,13.4766,0.391728
1671,36.1827,0.192754
1672,58.8953,-0.00915908
1673,36.21,0.194946
1674,13.519,0.400281
1675,36.2176,0.198493
1676,58.929,-0.00340239
1677,36.2449,0.202081
1678,13.5484,0.407988
1679,36.2446,0.204147
1680,58.9496,0.000859613
1681,36.2616,0.208725
1682,13.5701,0.414374
1683,36.2611,0.212257
1684,58.9667,0.00939611
1685,36.2794,0.213521
1686,13.5832,0.418096
1687,36.2814,0.212895
1688,58.9791,0.00980277
1689,36.2916,0.217687
1690,13.5993,0.422203
1691,36.2866,0.217109
1692,58.9856,0.0116166
1693,36.2999,0.216467
1694,13.6081,0.425464
1695,36.2915,0.220637
1696,58.9827,0.0157045
1697,36.2999,0.218133
1698,13.608,0.423219
1699,36.2893,0.219739
1700,58.978,0.013983
1701,36.292,0.216612
1702,13.6013,0.420319
1703,36.2753,0.216108
1704,58.9637,0.0109465
1705,36.2723,0.214073
1706,13.5782,0.416693
1707,36.2502,0.213805
1708,58.9271,0.0103022
1709,36.241,0.210926
1710,13.544,0.410971
1711,36.2099,0.207111
1712,58.882,0.00203305
1713,36.1913,0.201797
1714,13.498,0.403105
1715,36.1615,0.199181
1716,58.8299,-0.00851423
1717,36.1421,0.193126
1718,13.4489,0.391671
1719,36.1078,0.184494
1720,58.7742,-0.0237483
1721,36.0828,0.177392
1722,13.3947,0.380879
1723,36.0559,0.174624
1724,58.7182,-0.0342421
1725,36.0332,0.168217
1726,13.3459,0.367219
1727,36.0063,0.159915
1728,58.6705,-0.0472821
1729,35.9894,0.154959
1730,13.3018,0.355164
1731,35.9611,0.146631
1732,58.6284,-0.0600099
1733,35.9522,0.14277
1734,13.2723,0.344098
1735,35.9297,0.137582
1736,58.6019,-0.0674618
1737,35.9306,0.134271
1738,13.2517,0.339014
1739,35.9142,0.130908
1740,58.5815,-0.0742789
1741,35.9139,0.130568
1742,13.2416,0.334338
1743,35.9044,0.128762
1744,58.5741,-0.075955
1745,35.9089,0.125019
1746,13.2354,0.331045
1747,35.8986,0.127624
1748,58.5688,-0.0790101
1749,35.9061,0.125321
1750,13.2438,0.332229
1751,35.9067,0.129442
1752,58.5754,-0.0754599
1753,35.9166,0.130634
1754,13.2542,0.339425
1755,35.9161,0.132572
1756,58.5845,-0.0723379
1757,35.9279,0.134672
1758,13.2657,0.338019
1759,35.9237,0.134383
1760,58.5874,-0.0670196
1761,35.9366,0.137698
1762,13.2761,0.342606
1763,35.9361,0.139734
1764,58.5992,-0.0614472
1765,35.9453,0.141921
1766,13.2916,0.342891
1767,35.947,0.142028
1768,58.6034,-0.0602402
1769,35.9533,0.146878
1770,13.2935,0.353265
1771,35.9477,0.149069
1772,58.6038,-0.0567265
1773,35.9501,0.149468
1774,13.2944,0.355321
1775,35.9454,0.150076
1776,58.6013,-0.0515362
1777,35.9442,0.155879
1778,13.2911,0.359856
1779,35.9409,0.15495
1780,58.5927,-0.0478079
1781,35.9435,0.157795
1782,13.2817,0.363247
1783,35.9355,0.160539
1784,58.5901,-0.0420346
1785,35.9389,0.162635
1786,13.2845,0.367351
1787,35.931,0.163486
1788,58.5825,-0.0401328
1789,35.937,0.164851
1790,13.2837,0.370373
1791,35.9271,0.163158
1792,58.5726,-0.0415762
1793,35.923,0.16666
1794,13.276,0.366951
1795,35.9245,0.164171
1796,58.5665,-0.0393781
1797,35.9185,0.165832
1798,13.2718,0.369797
1799,35.9099,0.164679
1800,58.5541,-0.0405868
1801,35.9077,0.162817
1802,13.2574,0.363963
1803,35.8947,0.160603
1804,58.5359,-0.0424789
1805,35.8872,0.159157
1806,13.2373,0.363777
1807,35.8709,0.157813
1808,58.5116,-0.0492631
1809,35.8657,0.153642
1810,13.2138,0.358104
1811,35.8474,0.154464
1812,58.4852,-0.052661
1813,35.8467,0.151448
1814,13.1971,0.353896
1815,35.8269,0.15037
1816,58.4652,-0.0552041
1817,35.8262,0.152187
1818,13.1799,0.355294
1819,35.8037,0.148806
1820,58.4406,-0.0585754
1821,35.8023,0.14838
1822,13.1553,0.352267
1823,35.7814,0.145907
1824,58.4109,-0.0591444
1825,35.7733,0.145531
1826,13.1315,0.349079
1827,35.7541,0.144777
1828,58.3813,-0.0590464
1829,35.7428,0.14249
1830,13.0979,0.346413
1831,35.719,0.143272
1832,58.348,-0.062405
1833,35.7062,0.143473
1834,13.0603,0.347759
1835,35.6834,0.145278
1836,58.311,-0.0614233
1837,35.6701,0.141374
1838,13.0299,0.344009
1839,35.6466,0.141766
1840,58.2688,-0.0603435
1841,35.6376,0.144472
1842,12.9964,0.345255
1843,35.6093,0.138301
1844,58.2284,-0.0665846
1845,35.5939,0.136106
1846,12.9602,0.340269
1847,35.5766,0.134254
1848,58.1974,-0.0692514
1849,35.5688,0.132463
1850,12.9351,0.33518
1851,35.5523,0.130022
1852,58.1713,-0.077703
1853,35.5457,0.125946
1854,12.9182,0.327576
1855,35.5347,0.121026
1856,58.1544,-0.0854309
1857,35.5276,0.120679
1858,12.8962,0.323936
1859,35.5159,0.118033
1860,58.1352,-0.0890415
1861,35.5108,0.113121
1862,12.884,0.316238
1863,35.4967,0.109333
1864,58.1149,-0.094397
1865,35.4991,0.105596
1866,12.8684,0.308955
1867,35.4853,0.103361
1868,58.1091,-0.100677
1869,35.4874,0.100185
1870,12.8646,0.302739
1871,35.4753,0.0990704
1872,58.0947,-0.106239
1873,35.4801,0.0974523
1874,12.857,0.302774
1875,35.4695,0.0979346
1876,58.0836,-0.106905
1877,35.466,0.0950185
1878,12.8491,0.296321
1879,35.4583,0.0919049
1880,58.0781,-0.11053
1881,35.4627,0.092707
1882,12.8389,0.297778
1883,35.4486,0.0924756
1884,58.0673,-0.112987
1885,35.4536,0.0907007
1886,12.8358,0.296517
1887,35.4473,0.0892454
1888,58.058,-0.116512
1889,35.4411,0.0898939
1890,12.8237,0.293862
1891,35.438,0.0899892
1892,58.0533,-0.114698
1893,35.4397,0.0877213
1894,12.8218,0.292654
1895,35.4291,0.0895637
1896,58.0388,-0.116537
1897,35.4349,0.0858616
1898,12.8157,0.292374
1899,35.421,0.0890235
1900,58.0287,-0.114729
1901,35.421,0.0873969
1902,12.8025,0.291303
1903,35.4125,0.0863432
1904,58.0175,-0.116811
1905,35.4094,0.0886621
1906,12.7953,0.290347
1907,35.3998,0.0855244
1908,58.005,-0.117862
1909,35.397,0.0886488
1910,12.789,0.289895
1911,35.3885,0.0837806
1912,57.9916,-0.11731
1913,35.382,0.0868129
1914,12.769,0.288939
1915,35.3711,0.0851116
1916,57.9722,-0.120046
1917,35.3671,0.0827174
1918,12.7599,0.285189
1919,35.3546,0.0809859
1920,57.9562,-0.119453
1921,35.3495,0.0847832
1922,12.7467,0.285263
1923,35.3423,0.0826615
1924,57.9451,-0.119945
1925,35.3358,0.0828437
1926,12.7233,0.287916
1927,35.3249,0.0843542
1928,57.9212,-0.120227
1929,35.318,0.0846353
1930,12.7095,0.287548
1931,35.3036,0.0850528
1932,57.9017,-0.118631
1933,35.3003,0.0870776
1934,12.699,0.288545
1935,35.2915,0.086813
1936,57.8877,-0.115559
1937,35.2841,0.0893841
1938,12.6802,0.290664
1939,35.2762,0.089711
1940,57.8777,-0.116188
1941,35.2778,0.0866124
1942,12.6738,0.291932
1943,35.2681,0.0882305
1944,57.8667,-0.113757
1945,35.2726,0.0897197
1946,12.6704,0.29169
1947,35.2664,0.0872778
1948,57.8648,-0.114194
1949,35.269,0.0898142
1950,12.6728,0.29195
1951,35.2724,0.0893086
1952,57.871,-0.116728
1953,35.2773,0.0854994
1954,12.6837,0.28956
1955,35.2785,0.083629
1956,57.8795,-0.120186
1957,35.2952,0.0846786
1958,12.6995,0.286918
1959,35.2943,0.0812854
1960,57.8992,-0.121709
1961,35.3117,0.0802933
1962,12.7197,0.283739
1963,35.3129,0.0747735
1964,57.9098,-0.131299
1965,35.3252,0.0735225
1966,12.7381,0.27811
1967,35.3309,0.0715399
1968,57.9292,-0.133498
1969,35.3416,0.0705844
1970,12.7519,0.271431
1971,35.342,0.067721
1972,57.9412,-0.136874
1973,35.3538,0.0626537
1974,12.7629,0.267456
1975,35.3518,0.0625571
1976,57.9435,-0.140775
1977,35.3604,0.0607452
1978,12.7726,0.26206
1979,35.3606,0.0566584
1980,57.9468,-0.148588
1981,35.3582,0.0539698
1982,12.7766,0.255346
1983,35.3639,0.0516939
1984,57.9526,-0.152899
1985,35.365,0.0475275
1986,12.7754,0.250183
1987,35.3548,0.0471842
1988,57.9459,-0.160252
1989,35.3644,0.0457689
1990,12.7763,0.248058
1991,35.3559,0.0429064
1992,57.9389,-0.160932
1993,35.3588,0.0429919
1994,12.771,0.244064
1995,35.3527,0.0383887
1996,57.9423,-0.164135
1997,35.3546,0.0429173
1998,12.7666,0.243612
1999,35.3508,0.0360516
2000,57.9353,-0.165686
2001,35.3551,0.0372365
2002,12.7693,0.240725
2003,35.3491,0.037017
2004,57.9348,-0.169341
2005,35.3535,0.0334691
2006,12.7684,0.237507
2007,35.3441,0.0323163
2008,57.9279,-0.170337
2009,35.3511,0.0314285
2010,12.765,0.234901
2011,35.3439,0.0313587
2012,57.9252,-0.169776
2013,35.3458,0.0307108
2014,12.7656,0.23194
2015,35.3444,0.0271206
2016,57.9235,-0.174653
2017,35.3436,0.0295205
2018,12.7627,0.231138
2019,35.333,0.0256466
2020,57.9134,-0.178209
2021,35.3351,0.0266667
2022,12.7539,0.230079
2023,35.3285,0.027835
2024,57.9032,-0.176984
2025,35.3265,0.0252701
2026,12.7459,0.229478
2027,35.3186,0.0267483
2028,57.8932,-0.176818
2029,35.3153,0.02817
2030,12.7344,0.233208
2031,35.304,0.0291356
2032,57.874,-0.176368
2033,35.2984,0.029164
2034,12.7196,0.23203
2035,35.2889,0.0261872
2036,57.8555,-0.176262
2037,35.2801,0.0278826
2038,12.7003,0.229557
2039,35.2645,0.0277012
2040,57.8374,-0.174007
2041,35.264,0.0275995
2042,12.6847,0.229708
2043,35.2485,0.0246461
2044,57.821,-0.176736
2045,35.2431,0.0293284
2046,12.6655,0.22982
2047,35.2321,0.024166
2048,57.8024,-0.177987
2049,35.23,0.0260232
2050,12.6473,0.23104
2051,35.2136,0.0261646
2052,57.7824,-0.179524
2053,35.2108,0.0251279
2054,12.6377,0.232402
2055,35.1981,0.025575
2056,57.7726,-0.182495
2057,35.1956,0.0198019
2058,12.6231,0.227449
2059,35.1914,0.0220197
2060,57.7614,-0.180713
2061,35.1915,0.0235333
2062,12.6183,0.224909
2063,35.1901,0.0198631
2064,57.7593,-0.184027
2065,35.1865,0.0208215
2066,12.6204,0.221854
2067,35.1894,0.0175811
2068,57.759,-0.184723
2069,35.1892,0.0193635
2070,12.6214,0.219257
2071,35.1882,0.0169357
2072,57.7588,-0.184504
2073,35.1933,0.0170083
2074,12.625,0.223018
2075,35.1896,0.0213066
2076,57.7562,-0.187525
2077,35.1948,0.0152174
2078,12.6288,0.222767
2079,35.1913,0.0193418
2080,57.761,-0.186751
2081,35.1983,0.0161169
2082,12.6231,0.223346
2083,35.1872,0.0198185
2084,57.7555,-0.184701
2085,35.1907,0.0188265
2086,12.6219,0.222526
2087,35.189,0.0172211
2088,57.7514,-0.18733
2089,35.1846,0.0195759
2090,12.6198,0.224836
2091,35.1771,0.0198716
2092,57.7411,-0.186813
2093,35.1775,0.015636
2094,12.611,0.221073
2095,35.1714,0.0156121
2096,57.7338,-0.186335
2097,35.1657,0.0177125
2098,12.6019,0.219062
2099,35.1612,0.0144351
2100,57.7199,-0.189749
2101,35.1585,0.0134158
2102,12.5928,0.21798
2103,35.1471,0.0136972
2104,57.7072,-0.190355
2105,35.1457,0.0118994
2106,12.5842,0.215609
2107,35.1391,0.0106819
2108,57.6984,-0.191908
2109,35.1351,0.00987035
2110,12.5733,0.208897
2111,35.1277,0.0043268
2112,57.6854,-0.196538
2113,35.1287,0.00915101
2114,12.5682,0.209503
2115,35.1209,0.00416843
2116,57.6768,-0.201286
2117,35.1224,0.00429204
2118,12.5655,0.203871
2119,35.1188,0.000690263
2120,57.6781,-0.200557
2121,35.1214,0.00200827
2122,12.5617,0.201516
2123,35.1156,-0.00147391
2124,57.6682,-0.203689
2125,35.1147,-0.00272547
2126,12.5608,0.200091
2127,35.1122,-0.00215287
2128,57.6652,-0.206068
2129,35.1145,-0.00509816
2130,12.557,0.199484
2131,35.1125,-0.00332249
2132,57.6699,-0.211105
2133,35.1129,-0.00518934
2134,12.5568,0.198053
2135,35.1063,-0.00728413
2136,57.6645,-0.212422
2137,35.1126,-0.00953098
2138,12.5549,0.193279
2139,35.1032,-0.00878767
2140,57.663,-0.212897
2141,35.1115,-0.00810525
2142,12.5563,0.195379
2143,35.1033,-0.00887671
2144,57.6551,-0.214158
2145,35.1082,-0.013465
2146,12.5593,0.193618
2147,35.1105,-0.0074559
2148,57.6648,-0.212983
2149,35.111,-0.010788
2150,12.5626,0.193761
2151,35.1148,-0.0110683
2152,57.6663,-0.216684
2153,35.1149,-0.010163
2154,12.5631,0.193662
2155,35.1184,-0.00998913
2156,57.6708,-0.213133
2157,35.1241,-0.0131497
2158,12.5764,0.189665
2159,35.1262,-0.0115446
2160,57.68,-0.2132
2161,35.1351,-0.00888611
2162,12.5901,0.193055
2163,35.1424,-0.0112451
2164,57.698,-0.215078
2165,35.1554,-0.00957638
2166,12.613,0.194317
2167,35.1636,-0.00714762
2168,57.717,-0.213252
2169,35.1765,-0.0125545
2170,12.6376,0.19094
2171,35.1874,-0.0104848
2172,57.7369,-0.209502
2173,35.2014,-0.00789934
2174,12.6609,0.192941
2175,35.2141,-0.0081692
2176,57.7715,-0.212154
2177,35.2362,-0.00807752
2178,12.6965,0.196212
2179,35.2446,-0.00815018
2180,57.799,-0.210141
2181,35.268,-0.00809682
2182,12.727,0.194226
2183,35.2829,-0.00806777
2184,57.8341,-0.21041
2185,35.2987,-0.00448398
2186,12.7613,0.198705
2187,35.3145,-0.00564761
2188,57.8668,-0.208504
2189,35.3366,-0.00469786
2190,12.7988,0.200125
2191,35.3492,-0.00354133
2192,57.8993,-0.209087
2193,35.3698,-0.00298899
2194,12.8348,0.200366
2195,35.383,-0.00327964
2196,57.9386,-0.205583
2197,35.4054,-0.000984269
2198,12.8714,0.201329
2199,35.4206,-0.00382277
2200,57.9752,-0.206818
2201,35.4469,-0.00243602
2202,12.905,0.201518
2203,35.4554,-0.00305022
2204,58.0108,-0.207113
2205,35.4759,-0.00264075
2206,12.9417,0.20244
2207,35.4882,-0.00375785
2208,58.0317,-0.206991
2209,35.5002,-0.00193666
2210,12.9672,0.201777
2211,35.5034,-0.0030243
2212,58.0523,-0.207368
2213,35.5192,-0.00230684
2214,12.9824,0.202159
2215,35.5264,-0.00181631
2216,58.065,-0.20766
2217,35.5317,-0.00736206
2218,12.9967,0.196751
2219,35.539,-0.00574455
2220,58.0834,-0.211749
2221,35.5443,-0.00877291
2222,13.0017,0.191964
2223,35.5449,-0.012607
2224,58.0901,-0.213582
2225,35.5525,-0.0103987
2226,13.0118,0.191848
2227,35.5454,-0.0160756
2228,58.0808,-0.219207
2229,35.5425,-0.0152825
2230,13.0029,0.185732
2231,35.5329,-0.0172167
2232,58.0625,-0.219452
2233,35.5163,-0.015693
2234,12.973,0.186396
2235,35.4975,-0.0199604
2236,58.0234,-0.222431
2237,35.477,-0.0172577
2238,12.9298,0.185841
2239,35.4474,-0.0185546
2240,57.969,-0.221091
2241,35.4163,-0.0186869
2242,12.8679,0.185435
2243,35.3881,-0.0209539
2244,57.9034,-0.2264
2245,35.3472,-0.0220214
2246,12.7925,0.185206
2247,35.3036,-0.020746
2248,57.8208,-0.225901
2249,35.273,-0.0217503
2250,12.7148,0.18223
2251,35.2256,-0.0210013
2252,57.739,-0.225361
2253,35.1868,-0.0237152
2254,12.6322,0.182953
2255,35.1443,-0.0197352
2256,57.6555,-0.2253
2257,35.0993,-0.0215304
2258,12.542,0.18076
2259,35.0522,-0.0208162
2260,57.5684,-0.22179
2261,35.0136,-0.0185206
2262,12.4545,0.184798
2263,34.9666,-0.0205304
2264,57.483,-0.222472
2265,34.9288,-0.0137292
2266,12.3739,0.192182
2267,34.8869,-0.0147162
2268,57.4033,-0.219778
2269,34.8496,-0.0147433
2270,12.2982,0.193719
2271,34.812,-0.0123882
2272,57.323,-0.216361
2273,34.7757,-0.0114031
2274,12.2326,0.194982
2275,34.7454,-0.0091593
2276,57.2657,-0.214052
2277,34.7254,-0.00749492
2278,12.1808,0.195496
2279,34.6986,-0.0091558
2280,57.2222,-0.213112
2281,34.6849,-0.00744972
2282,12.1469,0.197367
2283,34.6696,-0.00586303
2284,57.1946,-0.208687
2285,34.6693,-0.00514764
2286,12.1348,0.199399
2287,34.659,-0.00473413
2288,57.1914,-0.206519
2289,34.6671,0.000604094
2290,12.1381,0.204053
2291,34.6671,-0.00236149
2292,57.1975,-0.204178
2293,34.6732,-0.00203857
2294,12.1471,0.201442
2295,34.6781,0.000464231
2296,57.2098,-0.200902
2297,34.6901,-7.00282e-05
2298,12.1653,0.199656
2299,34.694,-0.000903941
2300,57.2328,-0.201589
2301,34.712,0.000754487
2302,12.1923,0.201771
2303,34.7188,-0.00166501
2304,57.2533,-0.206214
2305,34.7356,-0.00262662
2306,12.2159,0.201224
2307,34.7482,-0.00377781
2308,57.2813,-0.207587
2309,34.7666,-0.00325527
2310,12.2504,0.196376
2311,34.785,-0.00621806
2312,57.3207,-0.207972
2313,34.8092,-0.00339314
2314,12.2919,0.197888
2315,34.8254,-0.00758504
2316,57.3651,-0.207804
2317,34.8505,-0.00506993
2318,12.3388,0.19492
2319,34.8743,-0.00865776
2320,57.4135,-0.208042
2321,34.8985,-0.00517784
2322,12.3881,0.197856
2323,34.9195,-0.00519542
2324,57.455,-0.21005
2325,34.9428,-0.00530794
2326,12.4344,0.196103
2327,34.9661,-0.00627245
2328,57.5004,-0.209392
2329,34.9895,-0.00716685
2330,12.4744,0.194941
2331,35.0032,-0.0080736
2332,57.5392,-0.209596
2333,35.025,-0.00728021
2334,12.5064,0.193661
2335,35.0335,-0.00920483
2336,57.5615,-0.213968
2337,35.0471,-0.01202
2338,12.5267,0.193514
2339,35.0516,-0.0100565
2340,57.5793,-0.215159
2341,35.0614,-0.0125503
2342,12.5409,0.19142
2343,35.0649,-0.0126976
2344,57.5906,-0.216823
2345,35.071,-0.0131396
2346,12.548,0.190527
2347,35.0684,-0.0115556
2348,57.5847,-0.211842
2349,35.0675,-0.0124353
2350,12.5442,0.191793
2351,35.0654,-0.00854674
2352,57.5846,-0.211809
2353,35.0645,-0.00927713
2354,12.5419,0.193501
2355,35.0592,-0.00955937
2356,57.5774,-0.211346
2357,35.0581,-0.00609328
2358,12.5359,0.19474
2359,35.0524,-0.00602167
2360,57.5639,-0.208007
2361,35.0396,-0.0031877
2362,12.5167,0.194691
2363,35.0338,-0.00505177
2364,57.55,-0.207032
2365,35.0278,-0.00470014
2366,12.5016,0.199503
2367,35.0122,-0.00225671
2368,57.5243,-0.206328
2369,35.0043,-0.00160249
2370,12.4795,0.199681
2371,34.9857,-0.00338773
2372,57.4987,-0.205123
2373,34.9807,-0.000354705
2374,12.4556,0.201873
2375,34.9673,-0.00206451
2376,57.4756,-0.204796
2377,34.9547,-0.000195253
2378,12.4304,0.205012
2379,34.9367,0.00103797
2380,57.4534,-0.20332
2381,34.9317,0.00260419
2382,12.4061,0.204465
2383,34.912,0.00335999
2384,57.4233,-0.199484
2385,34.9025,0.00607599
2386,12.3807,0.206121
2387,34.8913,0.00525614
2388,57.4024,-0.19495
2389,34.8802,0.00820106
2390,12.3609,0.210147
2391,34.8712,0.00687775
2392,57.3815,-0.196164
2393,34.8643,0.00907311
2394,12.3441,0.210643
2395,34.855,0.00753348
2396,57.3662,-0.19232
2397,34.8476,0.0118496
2398,12.3282,0.212339
2399,34.8436,0.0107392
2400,57.3515,-0.190963
2401,34.8378,0.0148118
2402,12.3262,0.21579
2403,34.8358,0.0134048
2404,57.3424,-0.186948
2405,34.8336,0.0143055
2406,12.3254,0.217901
2407,34.8387,0.01687
2408,57.3497,-0.187414
2409,34.8389,0.0167177
2410,12.3226,0.217939
2411,34.8384,0.0152667
2412,57.3534,-0.187732
2413,34.8456,0.0173181
2414,12.3319,0.216739
2415,34.8446,0.0134164
2416,57.3622,-0.187151
2417,34.8534,0.0162907
2418,12.3429,0.216688
2419,34.8598,0.0141519
2420,57.3728,-0.187101
2421,34.8641,0.0184656
2422,12.3508,0.217746
2423,34.8637,0.0119271
2424,57.3819,-0.18862
2425,34.873,0.0165205
2426,12.3637,0.218498
2427,34.874,0.0139846
2428,57.3911,-0.18947
2429,34.8824,0.0172949
2430,12.3724,0.216805
2431,34.8854,0.0153757
2432,57.3959,-0.185482
2433,34.888,0.0163635
2434,12.3766,0.219219
2435,34.8844,0.0161761
2436,57.3978,-0.185109
2437,34.8888,0.0150418
2438,12.3783,0.219151
2439,34.8857,0.0166182
2440,57.3922,-0.186686
2441,34.8865,0.0181469
2442,12.372,0.220329
2443,34.8795,0.0153592
2444,57.3902,-0.185061
2445,34.88,0.0193946
2446,12.3708,0.222591
2447,34.8767,0.0190347
2448,57.3826,-0.183847
2449,34.8727,0.0214498
2450,12.3616,0.225647
2451,34.8675,0.0208794
2452,57.3775,-0.182647
2453,34.8647,0.0209838
2454,12.3515,0.224649
2455,34.8584,0.0237353
2456,57.3619,-0.177926
2457,34.8551,0.0246316
2458,12.3436,0.226073
2459,34.8508,0.024321
2460,57.355,-0.177552
2461,34.8462,0.0264612
2462,12.3332,0.228064
2463,34.8386,0.0250915
2464,57.3461,-0.175452
2465,34.8364,0.0287997
2466,12.3256,0.231024
2467,34.8283,0.0290822
2468,57.334,-0.176359
2469,34.8266,0.0299838
2470,12.3145,0.235644
2471,34.8236,0.0325765
2472,57.3284,-0.171372
2473,34.8196,0.0292342
2474,12.3112,0.233577
2475,34.8138,0.033404
2476,57.3214,-0.17161
2477,34.8141,0.0333621
2478,12.3016,0.237214
2479,34.8056,0.0349713
2480,57.3122,-0.166246
2481,34.8088,0.0348617
2482,12.3001,0.239099
2483,34.8029,0.0383718
2484,57.3061,-0.164861
2485,34.7999,0.038114
2486,12.2939,0.239712
2487,34.7998,0.0375238
2488,57.301,-0.165804
2489,34.794,0.0381868
2490,12.2885,0.24189
2491,34.7917,0.038481
2492,57.2907,-0.164141
2493,34.7899,0.0410739
2494,12.2875,0.244456
2495,34.7893,0.0417009
2496,57.291,-0.159979
2497,34.7873,0.0422085
2498,12.2812,0.24616
2499,34.7861,0.0427251
